lon,lat,z_bed_m_ngf
1.848000,45.781494,649.82
1.847704,45.781563,650.58
1.847568,45.781753,650.27
1.847624,45.781972,651.01
1.847812,45.782149,650.80
1.848108,45.782217,650.22
1.848428,45.782198,650.70
1.848749,45.782199,650.09
1.849066,45.782222,649.31
1.849303,45.782366,649.09
1.849468,45.782556,649.11
1.849527,45.782775,649.32
1.849461,45.782991,649.05
1.849291,45.783179,648.85
1.849284,45.783399,649.32
1.849393,45.783610,648.95
1.849542,45.783809,649.07
1.849725,45.783994,648.96
1.849884,45.784188,649.32
1.850012,45.784394,649.00
1.850140,45.784600,649.17
1.850270,45.784806,649.42
1.850403,45.785010,649.12
1.850537,45.785215,649.75
1.850662,45.785421,649.24
1.850788,45.785628,649.34
1.850903,45.785838,649.08
1.851012,45.786049,649.01
1.851148,45.786253,649.34
1.851293,45.786451,649.72
1.851473,45.786623,648.91
1.851544,45.786842,649.00
1.851623,45.787060,649.15
1.851681,45.787280,649.11
1.851608,45.787495,649.20
1.851592,45.787714,649.32
1.851724,45.787917,649.32
1.851901,45.788105,648.96
1.852078,45.788293,649.32
1.852245,45.788484,649.00
1.852377,45.788689,648.99
1.852502,45.788896,648.86
1.852626,45.789103,648.90
1.852729,45.789315,649.62
1.852783,45.789536,649.57
1.852833,45.789758,649.09
1.852920,45.789973,648.96
1.853043,45.790180,649.02
1.853167,45.790388,649.14
1.853313,45.790587,648.87
1.853461,45.790787,649.13
1.853561,45.790995,649.04
1.853518,45.791217,648.92
1.853503,45.791436,648.92
1.853538,45.791659,649.15
1.853504,45.791881,650.02
1.853432,45.792100,650.82
1.853597,45.792256,649.77
1.853599,45.792478,649.93
1.853467,45.792681,649.96
1.853255,45.792849,649.28
1.853054,45.793022,648.97
1.852947,45.793232,648.89
1.852904,45.793454,648.91
1.852827,45.793672,648.87
1.852706,45.793880,649.32
1.852583,45.794087,648.95
1.852435,45.794287,649.56
1.852275,45.794481,649.15
1.852112,45.794675,649.32
1.851902,45.794845,649.32
1.851691,45.795015,649.32
1.851480,45.795184,649.32
1.851254,45.795343,649.34
1.850991,45.795473,649.94
1.850821,45.795649,649.19
1.850575,45.795787,649.14
1.850296,45.795895,648.99
1.850067,45.796052,649.58
1.849902,45.796245,651.06
1.849771,45.796450,649.35
1.849517,45.796586,649.74
1.849241,45.796703,649.28
1.848966,45.796819,648.89
1.848690,45.796935,649.11
1.848409,45.797044,648.88
1.848108,45.797124,649.32
1.847807,45.797204,649.07
1.847502,45.797276,650.30
1.847195,45.797344,649.56
1.846887,45.797408,650.00
1.846576,45.797466,649.00
1.846263,45.797521,649.37
1.845952,45.797580,650.57
1.845642,45.797641,649.22
1.845329,45.797694,649.49
1.845015,45.797743,649.59
1.844701,45.797793,649.40
1.844394,45.797861,649.30
1.844108,45.797962,649.22
1.843834,45.798080,649.72
1.843548,45.798182,650.05
1.843228,45.798200,649.08
1.843018,45.798353,649.18
1.842921,45.798567,649.41
1.842953,45.798788,649.68
1.842982,45.799008,649.44
1.843025,45.799229,649.33
1.843190,45.799422,649.02
1.843408,45.799576,649.30
1.843714,45.799645,649.68
1.844032,45.799628,649.96
1.844346,45.799579,650.20
1.844649,45.799513,650.23
1.844784,45.799326,650.12
1.844813,45.799198,648.93
1.844952,45.799387,649.65
1.845254,45.799466,649.00
1.845544,45.799562,649.73
1.845861,45.799566,650.06
1.845929,45.799683,648.92
1.846078,45.799875,649.29
1.846009,45.800094,649.18
1.845883,45.800300,649.08
1.845670,45.800454,649.84
1.845370,45.800442,649.37
1.845211,45.800629,649.36
1.845277,45.800829,649.99
1.845330,45.801048,649.48
1.845322,45.801272,649.18
1.845283,45.801494,649.19
1.845308,45.801717,649.70
1.845313,45.801941,650.00
1.845265,45.802162,649.83
1.845166,45.802376,649.71
1.845035,45.802581,649.37
1.844913,45.802789,649.49
1.844802,45.803000,649.26
1.844730,45.803218,649.52
1.844721,45.803442,649.54
1.844810,45.803656,649.54
1.845001,45.803835,649.61
1.845252,45.803974,649.56
1.845564,45.804004,649.37
1.845884,45.803979,649.60
1.846201,45.804007,649.56
1.846441,45.804135,649.14
1.846459,45.804340,649.62
1.846242,45.804494,649.31
1.845968,45.804612,649.51
1.845668,45.804692,649.49
1.845457,45.804854,649.26
1.845332,45.805058,649.16
1.845109,45.805218,649.47
1.844988,45.805425,649.46
1.844808,45.805608,649.29
1.844875,45.805808,649.44
1.845156,45.805908,649.40
1.845403,45.806048,649.37
1.845718,45.806022,649.38
1.846019,45.805941,649.27
1.846322,45.805866,650.29
1.846627,45.805793,649.62
1.846924,45.805706,650.10
1.847222,45.805622,650.01
1.847483,45.805496,649.29
1.847785,45.805507,649.13
1.848106,45.805512,649.03
1.848411,45.805583,649.14
1.848678,45.805702,649.61
1.848883,45.805875,649.74
1.849148,45.805987,649.14
1.849444,45.805933,649.28
1.849748,45.805872,649.71
1.850055,45.805924,649.86
1.850347,45.806000,649.37
1.850587,45.806150,649.22
1.850872,45.806254,649.69
1.851126,45.806388,649.29
1.851305,45.806572,648.94
1.851299,45.806794,649.36
1.851315,45.807017,649.79
1.851471,45.807210,649.38
1.851667,45.807388,649.66
1.851839,45.807577,649.26
1.851956,45.807785,648.95
1.851951,45.808008,648.89
1.851973,45.808231,649.01
1.852065,45.808446,648.89
1.852147,45.808663,648.86
1.852233,45.808879,649.32
1.852311,45.809097,648.93
1.852355,45.809319,649.23
1.852358,45.809544,649.32
1.852385,45.809767,648.85
1.852474,45.809982,648.91
1.852640,45.810173,649.32
1.852768,45.810379,649.37
1.852937,45.810570,648.93
1.853063,45.810776,648.98
1.853060,45.810997,648.98
1.852876,45.811179,649.46
1.852653,45.811333,648.94
1.852334,45.811359,649.32
1.852026,45.811416,648.86
1.851727,45.811500,649.32
1.851434,45.811592,648.93
1.851221,45.811759,649.04
1.851015,45.811927,648.99
1.850860,45.812098,649.05
1.850918,45.812318,649.32
1.850925,45.812541,649.32
1.850894,45.812763,649.32
1.851030,45.812935,649.32
1.851270,45.813084,649.16
1.851422,45.813269,649.32
1.851596,45.813455,649.32
1.851575,45.813678,648.98
1.851556,45.813883,650.35
1.851771,45.814038,650.79
1.852028,45.814173,649.81
1.852285,45.814309,649.51
1.852539,45.814446,648.88
1.852790,45.814587,649.56
1.853041,45.814728,650.28
1.853291,45.814869,649.58
1.853542,45.815010,651.56
1.853826,45.815088,649.56
1.854143,45.815099,649.94
1.854446,45.815039,648.86
1.854768,45.815037,648.93
1.855090,45.815023,649.32
1.855411,45.815007,649.92
1.855728,45.814977,649.85
1.855976,45.814845,649.08
1.856288,45.814804,649.73
1.856608,45.814828,649.31
1.856906,45.814898,648.87
1.857143,45.815022,649.41
1.857455,45.815075,649.04
1.857770,45.815095,649.53
1.857889,45.815253,649.85
1.858001,45.815433,648.92
1.858117,45.815630,648.90
1.858145,45.815854,649.21
1.858135,45.816078,648.98
1.858102,45.816301,648.97
1.858071,45.816525,649.22
1.858097,45.816743,649.80
1.858378,45.816830,649.86
1.858688,45.816892,649.22
1.858997,45.816955,650.16
1.859305,45.816957,649.65
1.859611,45.816893,649.20
1.859918,45.816952,649.63
1.860064,45.817115,650.15
1.860144,45.817295,650.21
1.860316,45.817484,650.26
1.860467,45.817682,649.99
1.860617,45.817881,650.77
1.860818,45.818006,649.32
1.861138,45.818009,649.32
1.861412,45.818122,649.32
1.861644,45.818277,649.30
1.861895,45.818418,649.32
1.862138,45.818564,648.90
1.862430,45.818649,649.32
1.862748,45.818684,649.14
1.862900,45.818552,649.32
1.863098,45.818375,648.91
1.863263,45.818183,648.98
1.863487,45.818048,649.32
1.863702,45.817884,649.01
1.863950,45.817741,649.32
1.864250,45.817664,649.32
1.864524,45.817601,649.23
1.864432,45.817388,649.32
1.864376,45.817169,649.32
1.864464,45.816956,648.87
1.864383,45.816747,649.32
1.864252,45.816545,649.32
1.864071,45.816359,649.32
1.863854,45.816193,648.98
1.863657,45.816016,649.44
1.863479,45.815829,648.95
1.863312,45.815637,648.94
1.863172,45.815435,649.32
1.863041,45.815230,649.32
1.862955,45.815014,649.32
1.862932,45.814791,649.32
1.862942,45.814567,649.32
1.862963,45.814344,649.32
1.862884,45.814128,649.32
1.862907,45.813906,648.86
1.862863,45.813686,648.90
1.862703,45.813498,649.14
1.862406,45.813441,648.97
1.862113,45.813515,649.32
1.861836,45.813412,648.88
1.861616,45.813248,649.32
1.861409,45.813076,648.86
1.861199,45.812907,649.32
1.860905,45.812839,648.92
1.860606,45.812905,648.98
1.860299,45.812966,648.92
1.859992,45.812917,649.32
1.859772,45.812755,649.32
1.859640,45.812551,648.88
1.859540,45.812337,649.16
1.859427,45.812127,649.32
1.859359,45.811908,648.86
1.859343,45.811684,649.32
1.859345,45.811460,649.32
1.859402,45.811239,649.32
1.859474,45.811020,649.32
1.859566,45.810805,648.89
1.859704,45.810603,648.86
1.859874,45.810413,649.32
1.859986,45.810204,649.32
1.860152,45.810015,649.32
1.860347,45.809837,649.32
1.860489,45.809639,649.32
1.860583,45.809425,649.32
1.860630,45.809203,649.32
1.860712,45.808994,649.32
1.860897,45.808811,648.89
1.861095,45.808634,649.32
1.861323,45.808476,649.32
1.861572,45.808333,649.32
1.861829,45.808198,649.32
1.862140,45.808213,649.32
1.862414,45.808321,649.01
1.862561,45.808516,649.37
1.862491,45.808730,648.91
1.862315,45.808918,649.32
1.862199,45.809126,648.91
1.862191,45.809346,649.15
1.862470,45.809416,648.89
1.862783,45.809367,649.08
1.863097,45.809318,648.92
1.863409,45.809359,649.02
1.863587,45.809540,649.20
1.863676,45.809755,649.69
1.863959,45.809781,649.32
1.864276,45.809792,649.32
1.864552,45.809781,648.98
1.864771,45.809617,649.32
1.865051,45.809511,649.32
1.865361,45.809450,648.86
1.865680,45.809429,648.87
1.865988,45.809482,648.98
1.866245,45.809616,648.94
1.866464,45.809780,649.30
1.866622,45.809975,649.32
1.866742,45.810183,649.32
1.866900,45.810371,648.96
1.867215,45.810400,649.17
1.867537,45.810404,648.96
1.867858,45.810419,648.98
1.868179,45.810438,649.32
1.868498,45.810471,648.95
1.868807,45.810532,648.99
1.869084,45.810644,649.51
1.869269,45.810818,649.49
1.869213,45.811037,649.64
1.869285,45.811251,649.33
1.869423,45.811453,649.14
1.869484,45.811673,648.89
1.869518,45.811896,649.51
1.869579,45.812116,649.07
1.869710,45.812318,649.12
1.869938,45.812475,649.24
1.870156,45.812640,648.90
1.870345,45.812822,648.86
1.870509,45.813015,649.32
1.870536,45.813238,649.44
1.870527,45.813462,649.65
1.870470,45.813683,649.07
1.870522,45.813892,649.73
1.870810,45.813813,648.95
1.871103,45.813760,649.32
1.871339,45.813900,649.23
1.871367,45.814120,649.42
1.871328,45.814343,649.17
1.871248,45.814560,649.54
1.871295,45.814770,649.27
1.871592,45.814811,648.85
1.871695,45.814602,649.32
1.871790,45.814388,648.86
1.871983,45.814209,649.32
1.872221,45.814058,649.32
1.872483,45.813928,648.85
1.872747,45.813800,648.95
1.872994,45.813655,649.09
1.873210,45.813490,648.87
1.873361,45.813296,649.03
1.873334,45.813080,648.88
1.873086,45.812958,648.94
1.872788,45.813036,649.11
1.872501,45.813138,649.80
1.872199,45.813211,649.04
1.871898,45.813152,649.79
1.871653,45.813008,648.91
1.871480,45.812818,649.06
1.871351,45.812613,649.02
1.871265,45.812397,648.90
1.871207,45.812177,649.00
1.871167,45.811954,649.05
1.871139,45.811730,649.32
1.871123,45.811506,648.92
1.871114,45.811281,649.02
1.871144,45.811059,649.32
1.871252,45.810847,648.89
1.871402,45.810649,649.32
1.871564,45.810455,649.32
1.871721,45.810259,650.31
1.871899,45.810072,649.83
1.872085,45.809889,648.92
1.872246,45.809695,649.02
1.872436,45.809515,649.00
1.872691,45.809379,649.32
1.872979,45.809281,649.32
1.873295,45.809252,648.97
1.873588,45.809340,649.32
1.873841,45.809478,649.16
1.874025,45.809660,649.19
1.874052,45.809878,648.96
1.873879,45.810063,648.95
1.873782,45.810275,649.32
1.873845,45.810495,649.32
1.873909,45.810715,648.86
1.873966,45.810936,648.90
1.873993,45.811159,649.32
1.873931,45.811379,649.32
1.873934,45.811600,649.32
1.873909,45.811817,649.33
1.873697,45.811985,650.46
1.873571,45.812188,648.95
1.873743,45.812369,648.93
1.874049,45.812396,648.96
1.874345,45.812475,649.05
1.874606,45.812368,649.32
1.874798,45.812188,649.32
1.875025,45.812029,649.32
1.875314,45.811932,649.32
1.875629,45.811899,649.06
1.875949,45.811903,648.94
1.876252,45.811830,649.13
1.876541,45.811731,649.32
1.876842,45.811650,648.85
1.877155,45.811603,648.97
1.877476,45.811607,648.99
1.877785,45.811669,648.97
1.878075,45.811766,648.89
1.878346,45.811886,649.07
1.878600,45.812023,649.10
1.878661,45.812239,649.65
1.878571,45.812454,650.05
1.878680,45.812610,649.27
1.878964,45.812529,649.24
1.879148,45.812345,649.27
1.879320,45.812155,649.19
1.879482,45.811961,649.28
1.879641,45.811766,649.13
1.879650,45.811548,649.07
1.879726,45.811353,649.19
1.879614,45.811170,649.36
1.879528,45.810984,649.23
1.879479,45.810766,649.41
1.879237,45.810708,649.46
1.879067,45.810872,650.00
1.878939,45.811073,652.00
1.878655,45.811166,649.13
1.878348,45.811129,649.32
1.878111,45.810980,649.14
1.877895,45.810813,649.21
1.877622,45.810710,650.14
1.877302,45.810722,650.66
1.876987,45.810767,649.85
1.876675,45.810733,649.00
1.876429,45.810589,648.85
1.876171,45.810457,648.90
1.875864,45.810390,648.90
1.875603,45.810262,649.32
1.875463,45.810061,648.94
1.875405,45.809841,648.91
1.875380,45.809617,649.22
1.875365,45.809393,648.89
1.875342,45.809169,648.94
1.875316,45.808945,648.94
1.875307,45.808720,649.32
1.875313,45.808496,648.89
1.875358,45.808274,650.46
1.875409,45.808052,649.16
1.875346,45.807839,649.32
1.875154,45.807658,649.62
1.875041,45.807454,649.62
1.875131,45.807240,649.23
1.875247,45.807031,649.92
1.875379,45.806826,649.37
1.875534,45.806630,650.33
1.875695,45.806435,649.18
1.875894,45.806260,649.10
1.876163,45.806148,649.32
1.876443,45.806231,648.93
1.876743,45.806303,649.21
1.877063,45.806323,648.98
1.877378,45.806286,649.38
1.877669,45.806191,649.44
1.877906,45.806043,649.38
1.877972,45.805826,648.89
1.877974,45.805601,649.32
1.877974,45.805377,649.32
1.877979,45.805152,649.37
1.878045,45.804935,648.90
1.878326,45.804843,649.62
1.878493,45.804729,649.55
1.878265,45.804574,648.92
1.878021,45.804428,649.05
1.877827,45.804252,649.24
1.877898,45.804042,652.77
1.877771,45.803846,652.72
1.877528,45.803700,651.69
1.877240,45.803601,650.09
1.876989,45.803467,649.24
1.876817,45.803276,649.31
1.876653,45.803083,648.98
1.876504,45.802884,648.88
1.876353,45.802686,649.30
1.876194,45.802491,648.85
1.876024,45.802300,648.88
1.875826,45.802123,649.32
1.875595,45.801967,649.32
1.875392,45.801793,648.86
1.875223,45.801602,648.94
1.875087,45.801399,649.32
1.874976,45.801188,648.90
1.874893,45.800971,648.92
1.874895,45.800747,649.63
1.874930,45.800525,650.11
1.874818,45.800320,648.99
1.874630,45.800139,649.42
1.874506,45.799932,649.37
1.874378,45.799726,649.88
1.874223,45.799529,648.99
1.874057,45.799337,648.98
1.873939,45.799128,649.32
1.873860,45.798912,648.96
1.873832,45.798688,648.94
1.873807,45.798464,648.85
1.873786,45.798240,648.91
1.873752,45.798017,649.05
1.873725,45.797793,649.03
1.873727,45.797569,649.43
1.873724,45.797345,648.92
1.873697,45.797121,649.32
1.873701,45.796896,649.32
1.873742,45.796674,649.32
1.873870,45.796469,648.90
1.874008,45.796266,649.15
1.874176,45.796074,649.32
1.874379,45.795900,649.32
1.874616,45.795748,648.93
1.874789,45.795563,649.17
1.874694,45.795353,648.89
1.874652,45.795133,649.32
1.874629,45.794910,648.88
1.874667,45.794687,649.32
1.874730,45.794467,649.24
1.874809,45.794249,649.11
1.874884,45.794031,650.45
1.874944,45.793810,651.87
1.875010,45.793590,651.68
1.875088,45.793372,651.52
1.875151,45.793152,651.53
1.875160,45.792928,650.26
1.875090,45.792713,650.05
1.874844,45.792576,649.58
1.874522,45.792566,648.97
1.874202,45.792589,649.37
1.873885,45.792625,650.45
1.873607,45.792556,650.54
1.873491,45.792352,649.40
1.873442,45.792130,649.55
1.873410,45.791906,648.97
1.873392,45.791682,649.28
1.873382,45.791458,649.17
1.873386,45.791233,649.70
1.873385,45.791009,649.28
1.873398,45.790784,649.09
1.873531,45.790586,649.24
1.873773,45.790439,649.04
1.874062,45.790342,648.90
1.874359,45.790256,649.88
1.874664,45.790184,648.85
1.874977,45.790134,650.21
1.875297,45.790112,649.43
1.875617,45.790132,649.06
1.875930,45.790185,648.93
1.876229,45.790267,649.63
1.876538,45.790332,650.38
1.876807,45.790454,649.46
1.877062,45.790591,651.23
1.877282,45.790754,648.98
1.877503,45.790918,649.22
1.877727,45.791079,649.32
1.877958,45.791234,648.94
1.878219,45.791366,649.06
1.878474,45.791504,649.23
1.878717,45.791651,648.99
1.878969,45.791791,649.51
1.879186,45.791956,649.01
1.879427,45.792105,649.32
1.879664,45.792257,648.85
1.879896,45.792413,649.01
1.880059,45.792603,649.32
1.880209,45.792793,648.99
1.880483,45.792905,649.09
1.880779,45.792994,649.23
1.881091,45.793051,650.57
1.881403,45.793105,649.04
1.881715,45.793160,649.32
1.882027,45.793216,649.25
1.882333,45.793280,649.32
1.882472,45.793482,649.20
1.882517,45.793697,649.45
1.882478,45.793919,649.32
1.882526,45.794140,648.87
1.882687,45.794331,649.73
1.883004,45.794365,649.32
1.883325,45.794388,649.03
1.883635,45.794443,649.08
1.883910,45.794552,649.61
1.884126,45.794718,648.96
1.884252,45.794922,648.95
1.884401,45.795119,648.87
1.884565,45.795310,648.99
1.884598,45.795532,649.26
1.884529,45.795751,649.22
1.884443,45.795965,649.10
1.884429,45.796190,648.93
1.884486,45.796410,648.91
1.884566,45.796628,649.32
1.884697,45.796833,649.32
1.884845,45.797032,649.28
1.885035,45.797211,649.20
1.885330,45.797238,648.91
1.885599,45.797115,648.87
1.885877,45.797003,648.97
1.886164,45.796899,649.55
1.886457,45.796810,649.73
1.886776,45.796811,649.29
1.887093,45.796851,649.32
1.887393,45.796931,649.28
1.887675,45.797039,649.02
1.887946,45.797160,649.62
1.888228,45.797268,649.51
1.888512,45.797373,649.66
1.888814,45.797446,649.20
1.889101,45.797352,649.24
1.889417,45.797374,649.25
1.889667,45.797516,649.08
1.889902,45.797669,649.53
1.890116,45.797836,649.02
1.890264,45.798035,649.04
1.890349,45.798250,649.32
1.890185,45.798439,649.52
1.890198,45.798653,648.96
1.890327,45.798858,649.72
1.890427,45.799065,649.05
1.890127,45.799100,648.95
1.889841,45.799000,649.32
1.889563,45.798888,649.57
1.889259,45.798814,651.54
1.888941,45.798782,652.61
1.888631,45.798834,651.34
1.888388,45.798978,649.31
1.888275,45.799185,649.55
1.888387,45.799386,651.32
1.888669,45.799488,649.54
1.888977,45.799554,649.32
1.889284,45.799622,649.23
1.889586,45.799699,648.90
1.889835,45.799838,649.62
1.889870,45.800054,648.87
1.889788,45.800270,649.10
1.889716,45.800489,649.55
1.889753,45.800710,649.74
1.889973,45.800870,650.16
1.890169,45.801044,649.86
1.890281,45.801254,649.07
1.890333,45.801475,649.18
1.890448,45.801682,649.86
1.890629,45.801867,649.62
1.890755,45.802067,649.50
1.890571,45.802220,648.94
1.890249,45.802220,649.16
1.889927,45.802223,648.99
1.889605,45.802231,650.13
1.889293,45.802278,649.12
1.889101,45.802448,649.30
1.889150,45.802667,649.20
1.889391,45.802801,649.27
1.889641,45.802702,648.97
1.889934,45.802617,648.87
1.890253,45.802601,649.32
1.890556,45.802670,649.25
1.890868,45.802694,649.35
1.891176,45.802716,649.14
1.891438,45.802847,649.22
1.891737,45.802928,649.28
1.891972,45.803079,648.86
1.892081,45.803288,650.31
1.892096,45.803512,649.27
1.892136,45.803734,649.93
1.892342,45.803895,649.96
1.892662,45.803903,649.87
1.892977,45.803855,649.93
1.893255,45.803955,649.49
1.893440,45.804138,649.25
1.893583,45.804338,649.21
1.893751,45.804529,649.07
1.893531,45.804627,648.88
1.893247,45.804528,649.17
1.892944,45.804466,648.97
1.892647,45.804536,649.35
1.892573,45.804751,649.59
1.892589,45.804975,650.05
1.892667,45.805192,649.85
1.892721,45.805412,650.09
1.892635,45.805628,649.58
1.892509,45.805834,649.18
1.892384,45.806041,648.91
1.892224,45.806215,649.32
1.892294,45.806009,648.88
1.892394,45.805797,648.94
1.892271,45.805601,649.33
1.892053,45.805435,649.41
1.891829,45.805274,649.12
1.891556,45.805159,649.18
1.891237,45.805141,649.25
1.890921,45.805174,649.40
1.890627,45.805264,649.20
1.890316,45.805313,649.28
1.890141,45.805497,649.51
1.889970,45.805687,649.43
1.889670,45.805740,649.32
1.889372,45.805753,649.20
1.889249,45.805959,649.32
1.889251,45.806180,649.30
1.889429,45.806365,649.33
1.889659,45.806522,649.53
1.889892,45.806677,649.60
1.890124,45.806833,649.73
1.890384,45.806957,649.42
1.890684,45.806885,649.12
1.890998,45.806871,649.25
1.891304,45.806807,648.94
1.891618,45.806758,649.04
1.891938,45.806732,649.14
1.892089,45.806578,649.32
1.892196,45.806556,649.32
1.892175,45.806775,649.99
1.892417,45.806921,649.32
1.892606,45.807102,649.03
1.892732,45.807308,649.15
1.892829,45.807522,648.91
1.892891,45.807742,649.27
1.892931,45.807965,649.66
1.892930,45.808190,649.75
1.892917,45.808414,649.27
1.892875,45.808636,649.94
1.892758,45.808843,649.43
1.892548,45.809012,649.22
1.892307,45.809161,649.46
1.892079,45.809317,649.22
1.892030,45.809537,649.20
1.892016,45.809762,649.24
1.892194,45.809925,649.12
1.892312,45.810067,649.22
1.892417,45.810254,649.41
1.892736,45.810268,649.16
1.893042,45.810303,649.28
1.893341,45.810332,649.43
1.893653,45.810378,649.25
1.893970,45.810349,649.09
1.894219,45.810210,649.17
1.894411,45.810030,648.97
1.894399,45.809807,648.86
1.894528,45.809612,649.15
1.894684,45.809418,649.26
1.894796,45.809207,648.87
1.894899,45.808994,648.91
1.895134,45.808881,649.88
1.895447,45.808912,649.85
1.895740,45.809005,650.07
1.896039,45.809083,649.88
1.896359,45.809110,649.63
1.896681,45.809113,649.75
1.896997,45.809075,649.71
1.897311,45.809027,649.77
1.897631,45.809018,649.93
1.897893,45.809124,649.10
1.898108,45.809285,649.09
1.898408,45.809366,648.92
1.898710,45.809442,649.22
1.898948,45.809589,649.39
1.899167,45.809748,649.38
1.899468,45.809828,650.45
1.899756,45.809928,649.94
1.899958,45.810091,649.17
1.899874,45.810290,649.99
1.899571,45.810329,649.26
1.899288,45.810238,650.19
1.899000,45.810319,649.90
1.898767,45.810473,649.30
1.898715,45.810689,649.35
1.898962,45.810818,649.32
1.899277,45.810788,648.92
1.899587,45.810726,649.51
1.899901,45.810732,649.85
1.900198,45.810818,650.50
1.900507,45.810876,649.13
1.900822,45.810900,649.45
1.901099,45.811014,649.66
1.901363,45.811142,649.03
1.901625,45.811271,649.14
1.901936,45.811271,649.35
1.902237,45.811197,649.78
1.902533,45.811256,648.89
1.902780,45.811400,648.88
1.903004,45.811561,649.01
1.903107,45.811770,649.32
1.903110,45.811995,649.09
1.903092,45.812218,648.91
1.903062,45.812442,648.95
1.903029,45.812666,648.86
1.902993,45.812889,650.14
1.902938,45.813110,649.78
1.902862,45.813325,649.94
1.902981,45.813530,649.29
1.902957,45.813753,648.88
1.902923,45.813977,648.96
1.902893,45.814200,649.20
1.902956,45.814416,648.96
1.903093,45.814619,648.97
1.903290,45.814795,649.55
1.903579,45.814865,649.14
1.903890,45.814836,649.32
1.904170,45.814734,649.09
1.904491,45.814744,649.10
1.904803,45.814731,649.15
1.905103,45.814810,649.06
1.905378,45.814890,649.23
1.905689,45.814912,649.01
1.905981,45.814975,649.17
1.906189,45.815092,649.27
1.906505,45.815116,649.12
1.906662,45.815215,649.28
1.906935,45.815250,649.32
1.907054,45.815092,649.83
1.906831,45.814931,648.91
1.906698,45.814774,649.34
1.906695,45.814557,648.90
1.906886,45.814386,649.48
1.906823,45.814214,650.07
1.906602,45.814103,649.51
1.906435,45.813917,649.51
1.906223,45.813748,649.84
1.906046,45.813561,649.14
1.905940,45.813350,649.00
1.905860,45.813132,649.32
1.905767,45.812917,648.85
1.905619,45.812719,650.44
1.905446,45.812530,649.46
1.905288,45.812334,649.54
1.905169,45.812126,649.26
1.905068,45.811912,649.80
1.904968,45.811699,649.37
1.904850,45.811490,648.96
1.904758,45.811276,649.55
1.904760,45.811052,649.47
1.904589,45.810876,649.80
1.904423,45.810686,649.49
1.904325,45.810472,649.04
1.904175,45.810276,650.08
1.904025,45.810098,649.72
1.903766,45.809975,649.41
1.903547,45.809814,648.98
1.903494,45.809595,649.17
1.903633,45.809410,648.97
1.903924,45.809315,649.32
1.904135,45.809146,649.60
1.904317,45.808961,649.14
1.904511,45.808781,648.96
1.904683,45.808593,649.12
1.904788,45.808381,649.25
1.904834,45.808159,649.14
1.904904,45.807940,649.32
1.905002,45.807726,649.38
1.905105,45.807513,649.32
1.905209,45.807301,649.15
1.905332,45.807094,649.57
1.905467,45.806890,648.87
1.905608,45.806688,648.96
1.905755,45.806488,649.26
1.905875,45.806281,649.05
1.906073,45.806104,648.95
1.906279,45.805931,649.31
1.906420,45.805732,649.11
1.906396,45.805509,649.41
1.906264,45.805311,649.42
1.906039,45.805154,648.89
1.905948,45.804941,649.15
1.905997,45.804721,649.04
1.906149,45.804523,648.99
1.906376,45.804366,649.12
1.906692,45.804344,649.38
1.907011,45.804372,651.63
1.907333,45.804369,651.36
1.907653,45.804345,649.38
1.907939,45.804251,649.33
1.908167,45.804095,649.19
1.908343,45.803907,649.15
1.908354,45.803695,649.32
1.908324,45.803474,649.80
1.908489,45.803286,649.05
1.908686,45.803110,649.14
1.908839,45.802912,649.45
1.908931,45.802703,649.05
1.909087,45.802534,649.08
1.909324,45.802393,649.36
1.909471,45.802194,649.07
1.909594,45.801987,649.08
1.909610,45.801764,649.23
1.909777,45.801592,648.97
1.910091,45.801589,649.03
1.910408,45.801592,649.10
1.910677,45.801474,650.45
1.910892,45.801307,649.39
1.911064,45.801118,649.04
1.911228,45.800926,649.32
1.911496,45.800803,649.61
1.911778,45.800696,649.56
1.912073,45.800606,650.16
1.912328,45.800471,649.70
1.912435,45.800261,648.93
1.912587,45.800084,649.12
1.912726,45.799892,648.87
1.912897,45.799706,648.99
1.913047,45.799516,649.23
1.913053,45.799292,649.18
1.913133,45.799078,649.16
1.913062,45.798863,649.13
1.912884,45.798676,649.02
1.912734,45.798479,649.03
1.912789,45.798270,649.29
1.912988,45.798094,649.11
1.913215,45.797937,649.24
1.913479,45.797816,649.23
1.913730,45.797679,649.44
1.914016,45.797577,649.13
1.914310,45.797485,649.03
1.914590,45.797375,649.30
1.914741,45.797183,648.85
1.914828,45.796968,649.08
1.914812,45.796744,649.16
1.914961,45.796592,648.92
1.915161,45.796422,648.99
1.915365,45.796252,649.42
1.915552,45.796070,649.29
1.915771,45.795911,649.53
1.916051,45.795805,649.63
1.916289,45.795654,649.54
1.916532,45.795506,649.19
1.916807,45.795396,649.43
1.917038,45.795242,649.69
1.917242,45.795068,649.01
1.917484,45.794926,649.49
1.917630,45.794729,649.09
1.917831,45.794554,649.46
1.917972,45.794352,649.38
1.918060,45.794136,649.29
1.918174,45.793927,649.04
1.918312,45.793726,649.11
1.918496,45.793542,649.31
1.918687,45.793361,649.40
1.918897,45.793204,649.90
1.918991,45.792997,649.33
1.919085,45.792789,649.27
1.919142,45.792568,649.28
1.919294,45.792373,649.26
1.919377,45.792186,649.17
1.919071,45.792163,649.06
1.918755,45.792124,649.20
1.918504,45.792228,649.22
1.918247,45.792355,649.32
1.917984,45.792482,649.32
1.917728,45.792618,649.74
1.917513,45.792783,648.85
1.917340,45.792972,649.21
1.917166,45.793161,649.28
1.916991,45.793350,649.32
1.916767,45.793510,649.00
1.916523,45.793657,649.32
1.916252,45.793776,649.17
1.915986,45.793894,648.85
1.915668,45.793929,649.70
1.915348,45.793903,649.32
1.915043,45.793835,649.32
1.914762,45.793726,649.32
1.914492,45.793602,649.32
1.914242,45.793461,649.24
1.913975,45.793336,648.85
1.913671,45.793285,649.51
1.913399,45.793404,649.15
1.913143,45.793540,649.58
1.912865,45.793648,649.18
1.912559,45.793719,649.19
1.912272,45.793811,648.90
1.912208,45.794029,648.99
1.911974,45.794169,649.35
1.911669,45.794237,649.29
1.911354,45.794276,650.67
1.911033,45.794260,649.58
1.910894,45.794400,649.27
1.910752,45.794600,649.53
1.910522,45.794756,649.32
1.910251,45.794875,649.32
1.909942,45.794937,649.86
1.909625,45.794953,649.92
1.909307,45.794940,649.70
1.909277,45.795153,649.45
1.909349,45.795345,649.17
1.909034,45.795386,649.76
1.908714,45.795390,649.83
1.908404,45.795334,649.42
1.908096,45.795280,650.52
1.907782,45.795304,649.83
1.907555,45.795156,650.12
1.907364,45.794987,650.54
1.907165,45.794815,649.80
1.907099,45.794596,649.65
1.906991,45.794385,649.32
1.906738,45.794265,649.27
1.906472,45.794142,650.06
1.906158,45.794116,650.08
1.905939,45.794265,649.81
1.906084,45.794459,649.19
1.906074,45.794681,649.70
1.906047,45.794904,649.21
1.905874,45.795057,649.74
1.905632,45.795186,649.43
1.905353,45.795163,649.81
1.905236,45.795371,649.24
1.905001,45.795502,649.69
1.904759,45.795633,649.63
1.904501,45.795763,649.80
1.904197,45.795837,649.55
1.903939,45.795970,649.68
1.903656,45.796072,649.61
1.903340,45.796075,649.65
1.903115,45.795923,649.61
1.902958,45.795727,649.37
1.902930,45.795517,649.61
1.902815,45.795309,649.28
1.902642,45.795119,649.07
1.902417,45.794960,649.36
1.902153,45.794833,649.35
1.901844,45.794779,649.49
1.901538,45.794839,649.24
1.901291,45.794981,649.36
1.901135,45.795169,649.81
1.900951,45.795330,649.54
1.900634,45.795351,649.26
1.900335,45.795435,649.53
1.900082,45.795567,649.63
1.899948,45.795770,650.24
1.899778,45.795956,649.78
1.899521,45.796089,649.81
1.899230,45.796185,649.69
1.898913,45.796200,649.89
1.898679,45.796057,649.92
1.898634,45.795837,650.03
1.898602,45.795614,649.81
1.898593,45.795390,649.77
1.898602,45.795166,649.72
1.898674,45.794947,649.76
1.898777,45.794735,649.66
1.898928,45.794537,649.58
1.899049,45.794329,649.96
1.899153,45.794117,649.17
1.899262,45.793905,650.09
1.899372,45.793695,649.65
1.899449,45.793477,649.38
1.899511,45.793257,649.68
1.899545,45.793033,651.27
1.899626,45.792819,650.50
1.899821,45.792642,649.63
1.900023,45.792468,648.92
1.900296,45.792355,650.59
1.900602,45.792284,649.36
1.900909,45.792217,649.32
1.901222,45.792164,649.45
1.901538,45.792122,649.72
1.901817,45.792018,649.83
1.901966,45.791828,650.06
1.902027,45.791608,649.79
1.902077,45.791386,649.34
1.902256,45.791207,649.54
1.902532,45.791276,650.54
1.902840,45.791269,648.95
1.903087,45.791126,649.32
1.903293,45.790954,649.32
1.903438,45.790758,648.94
1.903664,45.790601,648.85
1.903934,45.790488,649.32
1.904142,45.790648,650.86
1.904314,45.790835,649.00
1.904470,45.791030,649.28
1.904753,45.791106,649.21
1.904964,45.790941,648.98
1.905170,45.790775,649.14
1.905445,45.790666,649.40
1.905672,45.790511,649.33
1.905451,45.790467,649.39
1.905139,45.790463,649.31
1.905157,45.790249,649.34
1.905256,45.790036,649.02
1.905346,45.789820,649.37
1.905238,45.789702,649.34
1.905080,45.789639,649.41
1.905269,45.789460,649.58
1.905321,45.789242,649.21
1.905301,45.789018,649.00
1.905186,45.788810,649.35
1.904980,45.788638,649.32
1.904762,45.788472,649.27
1.904540,45.788310,649.14
1.904312,45.788151,649.48
1.904088,45.787991,649.78
1.903952,45.787788,649.41
1.903908,45.787567,648.95
1.903914,45.787343,649.16
1.903951,45.787120,649.29
1.903968,45.786900,649.04
1.903733,45.786793,649.14
1.903507,45.786947,649.32
1.903223,45.787052,649.65
1.902910,45.787102,650.19
1.902589,45.787115,649.55
1.902297,45.787195,649.96
1.902053,45.787342,651.27
1.901783,45.787463,650.75
1.901499,45.787569,651.12
1.901245,45.787706,652.13
1.901014,45.787862,653.97
1.900829,45.788045,652.33
1.900615,45.788210,651.38
1.900337,45.788321,648.96
1.900030,45.788380,650.70
1.899807,45.788539,649.46
1.899621,45.788722,649.59
1.899449,45.788912,652.62
1.899278,45.789102,650.69
1.899074,45.789276,650.31
1.898920,45.789471,648.93
1.898920,45.789695,649.05
1.899019,45.789908,649.83
1.899090,45.790126,649.05
1.899009,45.790341,649.19
1.898716,45.790412,649.97
1.898394,45.790420,649.50
1.898072,45.790426,649.59
1.897750,45.790435,649.80
1.897429,45.790447,649.88
1.897107,45.790463,649.59
1.896788,45.790495,649.86
1.896475,45.790545,649.39
1.896171,45.790619,649.79
1.895870,45.790697,649.54
1.895555,45.790742,650.06
1.895269,45.790837,650.08
1.895022,45.790979,649.54
1.894711,45.791012,650.05
1.894390,45.791025,649.59
1.894072,45.791059,649.49
1.893758,45.791108,649.59
1.893451,45.791176,649.74
1.893138,45.791230,649.90
1.892826,45.791287,649.72
1.892570,45.791421,650.37
1.892392,45.791603,650.14
1.892235,45.791799,649.32
1.892023,45.791965,649.32
1.891715,45.792006,649.32
1.891394,45.791986,649.32
1.891074,45.791958,648.89
1.890757,45.791918,649.32
1.890443,45.791870,648.88
1.890128,45.791822,649.43
1.889828,45.791743,649.82
1.889566,45.791613,649.96
1.889324,45.791467,649.50
1.889018,45.791406,648.85
1.888703,45.791364,649.32
1.888463,45.791230,649.45
1.888423,45.791012,649.32
1.888595,45.790823,649.32
1.888791,45.790645,649.32
1.888953,45.790451,649.32
1.889074,45.790244,649.32
1.889165,45.790028,649.32
1.889229,45.789808,649.32
1.889278,45.789586,649.32
1.889246,45.789371,649.02
1.888973,45.789356,649.55
1.888793,45.789542,649.05
1.888581,45.789705,648.85
1.888268,45.789732,648.85
1.887950,45.789761,650.27
1.887653,45.789721,649.74
1.887482,45.789533,649.24
1.887242,45.789398,649.28
1.886933,45.789450,650.06
1.886620,45.789502,649.96
1.886303,45.789541,648.91
1.885982,45.789556,650.29
1.885662,45.789584,650.80
1.885344,45.789619,651.22
1.885025,45.789651,650.76
1.884709,45.789692,650.51
1.884393,45.789736,649.71
1.884078,45.789784,649.34
1.883770,45.789849,650.14
1.883462,45.789915,651.16
1.883155,45.789983,649.75
1.882851,45.790057,649.36
1.882616,45.789915,649.81
1.882491,45.789709,649.38
1.882386,45.789497,649.24
1.882312,45.789278,649.24
1.882161,45.789085,648.94
1.882077,45.788871,649.25
1.882023,45.788649,650.02
1.881968,45.788428,650.35
1.881937,45.788205,649.44
1.881809,45.788007,650.62
1.881610,45.787830,650.59
1.881432,45.787643,650.09
1.881291,45.787442,650.30
1.881190,45.787229,649.62
1.881117,45.787011,649.91
1.881065,45.786789,649.10
1.880998,45.786569,649.21
1.880763,45.786430,649.60
1.880497,45.786305,648.98
1.880300,45.786131,649.30
1.880187,45.785922,649.69
1.880100,45.785705,649.77
1.880013,45.785492,649.16
1.880076,45.785274,649.78
1.880125,45.785052,649.91
1.880190,45.784832,649.57
1.880249,45.784612,650.26
1.880296,45.784391,649.76
1.880243,45.784170,649.60
1.880045,45.783994,649.34
1.879778,45.783891,649.16
1.879536,45.784031,649.57
1.879252,45.784068,650.26
1.878966,45.783965,650.99
1.878669,45.783880,650.61
1.878355,45.783837,649.81
1.878049,45.783783,649.55
1.877769,45.783673,651.20
1.877457,45.783628,651.73
1.877134,45.783630,651.67
1.876832,45.783701,650.30
1.876570,45.783830,651.11
1.876279,45.783918,650.61
1.875961,45.783908,650.68
1.875644,45.783873,649.43
1.875332,45.783914,649.47
1.875064,45.784039,649.33
1.874759,45.784024,649.28
1.874453,45.783965,650.42
1.874142,45.783910,649.47
1.873854,45.783811,649.00
1.873682,45.783626,649.55
1.873632,45.783405,649.28
1.873682,45.783185,649.09
1.873768,45.782968,649.11
1.873928,45.782775,649.17
1.874154,45.782619,648.90
1.874429,45.782503,649.72
1.874582,45.782310,649.43
1.874662,45.782093,649.90
1.874779,45.781885,649.32
1.874941,45.781692,649.16
1.875117,45.781510,649.75
1.875064,45.781293,649.70
1.874803,45.781200,651.48
1.874499,45.781275,648.95
1.874195,45.781348,650.88
1.873882,45.781354,650.83
1.873623,45.781224,650.83
1.873412,45.781055,650.35
1.873211,45.780879,650.52
1.872913,45.780825,649.27
1.872592,45.780826,649.13
1.872274,45.780789,650.66
1.871979,45.780700,650.50
1.871688,45.780606,649.17
1.871440,45.780463,649.20
1.871240,45.780289,649.94
1.871081,45.780093,650.14
1.870955,45.779887,649.95
1.870841,45.779677,649.75
1.870764,45.779460,649.57
1.870721,45.779237,649.29
1.870693,45.779014,650.05
1.870668,45.778790,649.15
1.870643,45.778566,648.88
1.870612,45.778342,648.87
1.870572,45.778120,649.17
1.870512,45.777899,649.36
1.870460,45.777677,649.48
1.870380,45.777460,649.56
1.870166,45.777302,649.23
1.869860,45.777235,650.16
1.869539,45.777219,649.15
1.869217,45.777225,649.06
1.868941,45.777326,649.27
1.868847,45.777532,649.33
1.868697,45.777717,650.64
1.868425,45.777835,650.72
1.868133,45.777930,649.41
1.867831,45.778006,650.56
1.867513,45.777993,650.91
1.867212,45.777914,650.07
1.866958,45.777784,649.60
1.866782,45.777598,649.31
1.866618,45.777413,649.04
1.866320,45.777426,649.58
1.866009,45.777446,650.75
1.865687,45.777445,649.32
1.865365,45.777448,649.24
1.865043,45.777450,650.63
1.864721,45.777451,649.66
1.864528,45.777577,648.98
1.864655,45.777764,649.01
1.864940,45.777869,649.29
1.865202,45.777999,650.26
1.865431,45.778155,649.57
1.865467,45.778345,650.07
1.865487,45.778536,649.40
1.865776,45.778632,649.04
1.866083,45.778699,649.12
1.866336,45.778828,649.45
1.866551,45.778988,649.19
1.866753,45.779152,649.13
1.866799,45.779373,649.18
1.866787,45.779598,648.94
1.866754,45.779821,649.38
1.866617,45.780022,650.24
1.866464,45.780205,649.90
1.866363,45.780403,650.47
1.866060,45.780465,649.98
1.865755,45.780522,650.64
1.865501,45.780661,648.92
1.865252,45.780803,648.90
1.865034,45.780967,649.88
1.864849,45.781151,649.09
1.864708,45.781351,650.14
1.864695,45.781571,649.76
1.864661,45.781795,650.35
1.864538,45.781986,649.18
1.864313,45.782141,649.04
1.864178,45.782345,649.32
1.864116,45.782564,649.01
1.864244,45.782738,649.31
1.864545,45.782816,648.85
1.864806,45.782941,648.88
1.864972,45.783132,649.37
1.865106,45.783336,648.92
1.865304,45.783513,648.94
1.865387,45.783724,648.93
1.865353,45.783945,649.57
1.865548,45.784116,649.40
1.865821,45.784230,649.05
1.866130,45.784294,648.88
1.866321,45.784469,649.11
1.866471,45.784639,649.89
1.866612,45.784830,649.32
1.866686,45.785035,649.62
1.866873,45.785210,649.32
1.867120,45.785352,650.31
1.867366,45.785494,649.84
1.867436,45.785712,650.08
1.867449,45.785936,650.03
1.867629,45.786084,649.60
1.867940,45.786140,650.70
1.868262,45.786138,650.25
1.868544,45.786214,650.96
1.868854,45.786267,649.07
1.869175,45.786289,648.93
1.869497,45.786296,651.28
1.869819,45.786295,651.69
1.870135,45.786270,649.53
1.870437,45.786193,649.34
1.870718,45.786083,649.34
1.870990,45.785964,649.47
1.871157,45.785780,650.48
1.871257,45.785587,649.09
1.871550,45.785603,649.17
1.871801,45.785744,650.53
1.872028,45.785903,649.87
1.872225,45.786081,649.21
1.872444,45.786245,648.90
1.872666,45.786407,649.99
1.872914,45.786551,649.46
1.873171,45.786686,649.03
1.873415,45.786833,649.25
1.873656,45.786981,649.15
1.873930,45.787098,649.40
1.874057,45.787281,649.26
1.873908,45.787479,649.21
1.873728,45.787664,649.87
1.873453,45.787770,649.28
1.873134,45.787792,650.94
1.872812,45.787795,650.81
1.872502,45.787736,650.40
1.872275,45.787589,649.66
1.872166,45.787378,650.49
1.872099,45.787159,650.87
1.872060,45.786936,650.76
1.871923,45.786746,649.95
1.871621,45.786773,649.79
1.871394,45.786932,649.91
1.871127,45.787057,650.54
1.871035,45.787267,649.34
1.870966,45.787486,649.91
1.870878,45.787702,650.78
1.870784,45.787917,648.98
1.870584,45.788089,650.56
1.870434,45.788280,649.38
1.870387,45.788503,649.03
1.870316,45.788721,650.53
1.870232,45.788938,651.56
1.870059,45.789110,650.81
1.869744,45.789100,650.48
1.869424,45.789072,650.72
1.869105,45.789040,649.97
1.868787,45.789004,648.85
1.868468,45.788974,649.26
1.868148,45.788949,649.65
1.867830,45.788927,649.06
1.867874,45.789090,650.12
1.868141,45.789215,649.82
1.868412,45.789337,648.95
1.868701,45.789435,649.29
1.868950,45.789561,649.19
1.868934,45.789753,648.95
1.868691,45.789901,648.93
1.868448,45.790048,648.98
1.868255,45.790227,649.09
1.868069,45.790411,649.72
1.867879,45.790592,649.15
1.867670,45.790762,649.32
1.867440,45.790920,648.93
1.867237,45.791093,649.11
1.867025,45.791263,649.89
1.866773,45.791400,651.18
1.866481,45.791496,649.41
1.866179,45.791573,649.12
1.865876,45.791650,648.93
1.865562,45.791694,650.99
1.865240,45.791693,651.55
1.864919,45.791682,650.33
1.864601,45.791651,649.89
1.864302,45.791716,649.30
1.864061,45.791865,649.48
1.863847,45.792031,649.44
1.863642,45.792200,649.71
1.863469,45.792384,649.77
1.863308,45.792579,648.94
1.863192,45.792787,649.92
1.862988,45.792940,650.72
1.862670,45.792908,649.21
1.862374,45.792912,649.42
1.862272,45.793122,648.87
1.862138,45.793127,650.75
1.862232,45.792915,651.75
1.861987,45.792885,650.37
1.861671,45.792928,649.84
1.861356,45.792973,650.76
1.861039,45.793014,650.17
1.860733,45.793080,648.86
1.860458,45.793196,649.29
1.860236,45.793356,649.70
1.860144,45.793569,649.07
1.860142,45.793794,648.89
1.860072,45.794009,649.51
1.859801,45.794121,649.14
1.859494,45.794191,649.87
1.859189,45.794262,649.20
1.858885,45.794337,648.93
1.858579,45.794405,649.72
1.858259,45.794397,649.77
1.857938,45.794381,648.98
1.857660,45.794485,648.85
1.857404,45.794620,648.85
1.857184,45.794785,648.98
1.856937,45.794927,648.94
1.856629,45.794939,649.37
1.856357,45.794824,649.57
1.856164,45.794647,649.36
1.856115,45.794430,649.69
1.856215,45.794222,649.46
1.856455,45.794074,650.90
1.856715,45.793942,651.11
1.856939,45.793782,650.27
1.857125,45.793599,649.79
1.857298,45.793410,649.17
1.857474,45.793221,649.07
1.857634,45.793027,649.39
1.857783,45.792828,650.17
1.857930,45.792628,648.94
1.858072,45.792427,650.19
1.858214,45.792225,649.56
1.858357,45.792024,648.87
1.858502,45.791823,649.04
1.858650,45.791624,649.61
1.858812,45.791429,648.87
1.858974,45.791235,649.28
1.859133,45.791040,648.95
1.859291,45.790845,649.38
1.859449,45.790649,649.90
1.859603,45.790451,649.19
1.859750,45.790252,649.83
1.859879,45.790046,650.05
1.859973,45.789833,648.86
1.859960,45.789612,649.32
1.859795,45.789422,649.32
1.859576,45.789257,649.32
1.859435,45.789056,649.32
1.859327,45.788844,648.91
1.859250,45.788627,649.08
1.859186,45.788407,649.61
1.859176,45.788188,649.54
1.859178,45.787968,649.08
1.859107,45.787749,649.38
1.859074,45.787527,649.79
1.859189,45.787318,649.27
1.859350,45.787128,648.93
1.859646,45.787039,649.29
1.859956,45.786986,649.72
1.860265,45.787039,649.73
1.860570,45.786992,651.43
1.860813,45.786844,649.54
1.861044,45.786688,650.27
1.861256,45.786523,652.54
1.861336,45.786307,649.83
1.861354,45.786087,649.17
1.861078,45.785990,649.66
1.860757,45.785978,650.12
1.860458,45.786047,649.40
1.860171,45.786147,648.98
1.859865,45.786216,648.98
1.859548,45.786255,648.92
1.859240,45.786222,649.32
1.859113,45.786031,649.41
1.859224,45.785826,650.02
1.859491,45.785708,649.45
1.859799,45.785641,649.34
1.860016,45.785493,649.17
1.860114,45.785279,649.01
1.860177,45.785059,650.10
1.860121,45.784847,648.99
1.859911,45.784682,649.16
1.859625,45.784609,649.65
1.859385,45.784460,649.11
1.859087,45.784386,649.20
1.858766,45.784372,648.99
1.858444,45.784370,649.14
1.858140,45.784443,649.44
1.857896,45.784582,649.18
1.857868,45.784797,649.33
1.857989,45.785005,649.09
1.858107,45.785213,649.16
1.858148,45.785433,650.20
1.858073,45.785650,650.42
1.857944,45.785856,649.45
1.857760,45.786040,650.26
1.857551,45.786209,649.94
1.857280,45.786325,648.98
1.856977,45.786401,649.05
1.856665,45.786456,649.02
1.856349,45.786499,648.95
1.856030,45.786531,649.00
1.855710,45.786554,649.32
1.855389,45.786566,648.94
1.855067,45.786562,649.07
1.854754,45.786510,649.01
1.854495,45.786380,649.59
1.854292,45.786207,649.25
1.854149,45.786006,648.96
1.854039,45.785796,648.85
1.853960,45.785578,648.85
1.853876,45.785361,648.99
1.853751,45.785154,648.89
1.853660,45.784939,649.17
1.853680,45.784717,649.32
1.853735,45.784496,649.63
1.853763,45.784273,649.32
1.853751,45.784049,649.32
1.853806,45.783833,649.00
1.853987,45.783649,650.17
1.854258,45.783530,650.27
1.854533,45.783414,649.12
1.854806,45.783296,649.62
1.855088,45.783188,648.90
1.855367,45.783075,649.07
1.855525,45.782893,649.32
1.855627,45.782680,648.91
1.855728,45.782467,649.04
1.855720,45.782248,649.32
1.855652,45.782030,649.32
1.855743,45.781820,649.32
1.855948,45.781649,649.32
1.856191,45.781502,649.57
1.856460,45.781380,650.28
1.856748,45.781280,652.52
1.857009,45.781148,651.64
1.857164,45.780970,649.61
1.856993,45.780788,650.96
1.856705,45.780690,649.24
1.856391,45.780684,650.11
1.856110,45.780792,650.76
1.855834,45.780908,649.69
1.855554,45.780956,650.05
1.855329,45.780797,650.16
1.855110,45.780632,649.42
1.854806,45.780587,649.67
1.854484,45.780587,650.04
1.854165,45.780613,650.19
1.853889,45.780721,650.21
1.853666,45.780880,650.17
1.853398,45.780973,650.37
1.853078,45.780947,649.33
1.852803,45.780842,649.57
1.852616,45.780661,649.39
1.852441,45.780472,648.89
1.852225,45.780307,651.20
1.851991,45.780153,650.62
1.851731,45.780020,648.98
1.851475,45.779885,649.12
1.851173,45.779817,649.34
1.850862,45.779856,649.79
1.850654,45.780021,649.94
1.850534,45.780229,649.69
1.850444,45.780444,649.70
1.850430,45.780667,650.05
1.850466,45.780889,650.44
1.850366,45.781098,650.07
1.850108,45.781226,650.94
1.849794,45.781274,650.66
1.849483,45.781331,649.89
1.849172,45.781390,650.96
1.848856,45.781425,649.73
1.848534,45.781428,649.99
